Week,None,D0-D4,D1-D4,D2-D4,D3-D4,D4,DSCI
2020-12-01,0,100,76.56,54.73,6.82,0,238
2020-11-24,8.18,91.82,65.07,46.78,0,0,204
2020-11-17,8.18,91.82,65.07,46.78,0,0,204
2020-11-10,8.25,91.75,65.07,46.78,0,0,204
2020-11-03,8.25,91.75,65.07,40.26,0,0,197
2020-10-27,8.23,91.77,65.07,40.26,0,0,197
2020-10-20,8.27,91.73,56.26,22.75,0,0,171
2020-10-13,8.27,91.73,56.26,20.61,0,0,169
2020-10-06,13.88,86.12,55.09,19.37,0,0,161
2020-09-29,15.13,84.87,51.84,13.94,0,0,151
2020-09-22,24.59,75.41,35.56,8.83,0,0,120
2020-09-15,36.94,63.06,33.33,3.01,0,0,99
2020-09-08,38.57,61.43,24.1,1.2,0,0,87
2020-09-01,39.18,60.82,17.89,1.2,0,0,80
2020-08-25,38.99,61.01,16.45,1.2,0,0,79
2020-08-18,43.71,56.29,12.56,1.2,0,0,70
2020-08-11,45.89,54.11,11.34,0,0,0,65
2020-08-04,51.3,48.7,11.92,0,0,0,61
2020-07-28,51.3,48.7,11.92,0,0,0,61
2020-07-21,47.8,52.2,9.64,0,0,0,62
2020-07-14,28.4,71.6,6.85,0,0,0,78
2020-07-07,28.84,71.16,17.64,0,0,0,89
2020-06-30,29.41,70.59,52.78,0.71,0,0,124
2020-06-23,31.37,68.63,52.83,0.71,0,0,122
2020-06-16,36.81,63.19,36.18,0,0,0,99
2020-06-09,43.14,56.86,31.21,0,0,0,88
2020-06-02,39.67,60.33,31.21,0,0,0,92
2020-05-26,43.25,56.75,16.2,0,0,0,73
2020-05-19,43.25,56.75,16.2,0,0,0,73
2020-05-12,54.49,45.51,0,0,0,0,46
2020-05-05,51.57,48.43,0,0,0,0,48
2020-04-28,58.68,41.32,0,0,0,0,41
2020-04-21,66.79,33.21,0,0,0,0,33
2020-04-14,94.68,5.32,0,0,0,0,5
2020-04-07,94.68,5.32,0,0,0,0,5
2020-03-31,94.85,5.15,0,0,0,0,5
2020-03-24,94.85,5.15,0,0,0,0,5
2020-03-17,100,0,0,0,0,0,0
2020-03-10,100,0,0,0,0,0,0
2020-03-03,100,0,0,0,0,0,0
2020-02-25,100,0,0,0,0,0,0
2020-02-18,100,0,0,0,0,0,0
2020-02-11,100,0,0,0,0,0,0
2020-02-04,100,0,0,0,0,0,0
2020-01-28,100,0,0,0,0,0,0
2020-01-21,100,0,0,0,0,0,0
2020-01-14,100,0,0,0,0,0,0
2020-01-07,100,0,0,0,0,0,0
2019-12-31,100,0,0,0,0,0,0
2019-12-24,100,0,0,0,0,0,0
2019-12-17,100,0,0,0,0,0,0
2019-12-10,100,0,0,0,0,0,0
2019-12-03,100,0,0,0,0,0,0
2019-11-26,100,0,0,0,0,0,0
2019-11-19,100,0,0,0,0,0,0
2019-11-12,100,0,0,0,0,0,0
2019-11-05,100,0,0,0,0,0,0
2019-10-29,100,0,0,0,0,0,0
2019-10-22,100,0,0,0,0,0,0
2019-10-15,100,0,0,0,0,0,0
2019-10-08,100,0,0,0,0,0,0
2019-10-01,100,0,0,0,0,0,0
2019-09-24,100,0,0,0,0,0,0
2019-09-17,100,0,0,0,0,0,0
2019-09-10,94.01,5.99,0,0,0,0,6
2019-09-03,93.42,6.58,0.62,0,0,0,7
2019-08-27,81.43,18.57,6.58,0.62,0,0,26
2019-08-20,72.89,27.11,6.58,0.62,0,0,34
2019-08-13,71.07,28.93,6.58,0.62,0,0,36
2019-08-06,72.1,27.9,2.89,0,0,0,31
2019-07-30,76.06,23.94,1.81,0,0,0,26
2019-07-23,77.7,22.3,1.11,0,0,0,23
2019-07-16,73.82,26.18,4.35,0,0,0,31
2019-07-09,60.46,39.54,10.97,2.38,0,0,53
2019-07-02,60.47,39.53,10.68,2.38,0,0,53
2019-06-25,58.32,41.68,14.55,3.77,0,0,60
2019-06-18,58.32,41.68,21.66,6.78,0,0,70
2019-06-11,62.35,37.65,17.37,0,0,0,55
2019-06-04,71.14,28.86,11.8,0,0,0,41
2019-05-28,75.95,24.05,0,0,0,0,24
2019-05-21,76.92,23.08,0,0,0,0,23
2019-05-14,91.38,8.62,0,0,0,0,9
2019-05-07,91.38,8.62,0,0,0,0,9
2019-04-30,81.96,18.04,0,0,0,0,18
2019-04-23,81.65,18.35,0,0,0,0,18
2019-04-16,100,0,0,0,0,0,0
2019-04-09,100,0,0,0,0,0,0
2019-04-02,100,0,0,0,0,0,0
2019-03-26,100,0,0,0,0,0,0
2019-03-19,100,0,0,0,0,0,0
2019-03-12,100,0,0,0,0,0,0
2019-03-05,100,0,0,0,0,0,0
2019-02-26,100,0,0,0,0,0,0
2019-02-19,82.63,17.37,0,0,0,0,17
2019-02-12,82.63,17.37,0,0,0,0,17
2019-02-05,79.76,20.24,0,0,0,0,20
2019-01-29,66.21,33.79,4.3,0,0,0,38
2019-01-22,66.21,33.79,4.3,0,0,0,38
2019-01-15,66.21,33.79,4.3,0,0,0,38
2019-01-08,66.21,33.79,4.3,0,0,0,38
2019-01-01,66.21,33.79,15.48,0,0,0,49
2018-12-25,64.2,35.8,16.72,0,0,0,53
2018-12-18,64.2,35.8,16.72,0,0,0,53
2018-12-11,64.2,35.8,16.72,0,0,0,53
2018-12-04,64.2,35.8,16.72,0,0,0,53
2018-11-27,53.3,46.7,26.55,0,0,0,73
2018-11-20,53.29,46.71,26.55,0,0,0,73
2018-11-13,39.77,60.23,26.55,0,0,0,87
2018-11-06,39.77,60.23,26.55,7.07,0,0,94
2018-10-30,39.77,60.23,26.55,7.07,0,0,94
2018-10-23,36.45,63.55,38.5,10.32,0.4,0,113
2018-10-16,36.45,63.55,38.5,10.32,0.4,0,113
2018-10-09,33.22,66.78,39.49,13.2,1.12,0,121
2018-10-02,24.2,75.8,44.3,14.89,1.29,0,136
2018-09-25,16.36,83.64,44.37,16.78,1.29,0,146
2018-09-18,16.36,83.64,44.18,16.52,0.6,0,145
2018-09-11,15.05,84.95,42.63,12.73,0.6,0,141
2018-09-04,17.26,82.74,41.69,3.47,0,0,128
2018-08-28,19.77,80.23,26.22,2.64,0,0,109
2018-08-21,22.49,77.51,26.22,2.64,0,0,106
2018-08-14,44.55,55.45,8.38,1.61,0,0,65
2018-08-07,80.12,19.88,2.01,0,0,0,22
2018-07-31,86.09,13.91,1.52,0,0,0,15
2018-07-24,84.12,15.88,0.95,0,0,0,17
2018-07-17,84.12,15.88,1.1,0,0,0,17
2018-07-10,80.15,19.85,1.1,0,0,0,21
2018-07-03,62.72,37.28,4.8,0.95,0,0,43
2018-06-26,39.25,60.75,9.06,1.85,0,0,72
2018-06-19,39.25,60.75,9.06,1.85,0,0,72
2018-06-12,18.15,81.85,47.79,7.47,0,0,137
2018-06-05,19.18,80.82,52.77,11.49,0,0,145
2018-05-29,19.31,80.69,53.3,13.95,0,0,148
2018-05-22,19.36,80.64,47.39,6.7,0,0,135
2018-05-15,10.2,89.8,46.17,5.5,0,0,141
2018-05-08,10.94,89.06,39.01,3.46,0,0,132
2018-05-01,24.04,75.96,39.01,3.46,0,0,118
2018-04-24,34.81,65.19,38.55,0,0,0,104
2018-04-17,34.81,65.19,38.55,0,0,0,104
2018-04-10,17.2,82.8,42.03,4.67,0,0,129
2018-04-03,17.2,82.8,42.03,4.67,0,0,129
2018-03-27,9.21,90.79,49.24,4.09,0,0,144
2018-03-20,9.21,90.79,49.29,8.71,0,0,149
2018-03-13,3.08,96.92,61.87,8.71,0,0,167
2018-03-06,3.08,96.92,61.94,4.41,0,0,163
2018-02-27,3.08,96.92,64.73,4.41,0,0,166
2018-02-20,3.08,96.92,64.73,4.41,0,0,166
2018-02-13,3.08,96.92,64.73,4.41,0,0,166
2018-02-06,3.09,96.91,62.91,4.41,0,0,164
2018-01-30,3.16,96.84,60.98,4.41,0,0,162
2018-01-23,3.16,96.84,58.24,4.41,0,0,159
2018-01-16,7.74,92.26,58.24,4.41,0,0,155
2018-01-09,7.74,92.26,58.24,4.41,0,0,155
2018-01-02,7.74,92.26,60.57,4.47,0,0,157
2017-12-26,7.74,92.26,60.57,4.47,0,0,157
2017-12-19,7.74,92.26,60.57,4.47,0,0,157
2017-12-12,7.74,92.26,60.57,4.47,0,0,157
2017-12-05,7.74,92.26,60.57,4.47,0,0,157
2017-11-28,18.3,81.7,48.08,4.47,0,0,134
2017-11-21,18.3,81.7,36.83,3.15,0,0,122
2017-11-14,18.3,81.7,36.83,3.15,0,0,122
2017-11-07,18.3,81.7,36.83,3.15,0,0,122
2017-10-31,18.3,81.7,36.83,3.15,0,0,122
2017-10-24,19.7,80.3,36.83,3.15,0,0,120
2017-10-17,28.11,71.89,36.39,2.86,0,0,111
2017-10-10,28.02,71.98,59.79,18.9,1.81,0,153
2017-10-03,28.02,71.98,59.79,18.9,1.81,0,153
2017-09-26,11.07,88.93,62.85,23.49,3.36,0.41,179
2017-09-19,0.13,99.87,87.35,32.87,3.46,0.41,224
2017-09-12,1.97,98.03,92.98,49.03,18.89,0.39,259
2017-09-05,0.41,99.59,65.83,49.22,20.53,0.39,236
2017-08-29,0.41,99.59,65.84,51.33,22.08,0.39,239
2017-08-22,0.41,99.59,62.79,53.42,22.08,0.39,238
2017-08-15,0.41,99.59,81.99,62.9,43.84,5.1,293
2017-08-08,0.29,99.71,81.79,62.58,43.39,7.62,295
2017-08-01,3.09,96.91,81.74,62.45,44.09,7.62,293
2017-07-25,6.61,93.39,79.21,61.16,45.56,7.62,287
2017-07-18,6.32,93.68,74.31,57.35,40.33,6.35,272
2017-07-11,6.32,93.68,72.81,54.98,35.85,0,257
2017-07-04,6.32,93.68,66.77,46.99,29.29,0,237
2017-06-27,0.02,99.98,66.77,46.9,25.06,0,239
2017-06-20,0.02,99.98,67.34,39.9,7.73,0,215
2017-06-13,0,100,83.4,27,0,0,210
2017-06-06,0,100,87.46,13.54,0,0,201
2017-05-30,0.1,99.9,24.11,0,0,0,124
2017-05-23,56.39,43.61,6.35,0,0,0,50
2017-05-16,63.79,36.21,0,0,0,0,36
2017-05-09,69.7,30.3,0,0,0,0,30
2017-05-02,91.22,8.78,0,0,0,0,9
2017-04-25,91.22,8.78,0,0,0,0,9
2017-04-18,91.22,8.78,0,0,0,0,9
2017-04-11,91.22,8.78,0,0,0,0,9
2017-04-04,93.83,6.17,0,0,0,0,6
2017-03-28,93.83,6.17,0,0,0,0,6
2017-03-21,93.83,6.17,0,0,0,0,6
2017-03-14,93.83,6.17,0,0,0,0,6
2017-03-07,93.83,6.17,0,0,0,0,6
2017-02-28,93.83,6.17,0,0,0,0,6
2017-02-21,93.81,6.19,0,0,0,0,6
2017-02-14,93.81,6.19,0,0,0,0,6
2017-02-07,93.81,6.19,0,0,0,0,6
2017-01-31,93.81,6.19,0,0,0,0,6
2017-01-24,93.81,6.19,0,0,0,0,6
2017-01-17,93.87,6.13,0,0,0,0,6
2017-01-10,93.87,6.13,0,0,0,0,6
2017-01-03,93.87,6.13,0,0,0,0,6
2016-12-27,93.87,6.13,0,0,0,0,6
2016-12-20,87.75,12.25,1.38,0,0,0,14
2016-12-13,89.76,10.24,1.38,0,0,0,12
2016-12-06,70.65,29.35,1.38,0,0,0,31
2016-11-29,73.4,26.6,2.79,0,0,0,29
2016-11-22,73.4,26.6,2.79,0,0,0,29
2016-11-15,93.77,6.23,0,0,0,0,6
2016-11-08,93.77,6.23,0,0,0,0,6
2016-11-01,98.95,1.05,0,0,0,0,1
2016-10-25,98.88,1.12,0,0,0,0,1
2016-10-18,98.94,1.06,0,0,0,0,1
2016-10-11,98.94,1.06,0,0,0,0,1
2016-10-04,98.94,1.06,0,0,0,0,1
2016-09-27,96.7,3.3,0.41,0,0,0,4
2016-09-20,92.29,7.71,1.37,0,0,0,9
2016-09-13,92.77,7.23,1.1,0,0,0,8
2016-09-06,89.26,10.74,1.79,0.29,0,0,13
2016-08-30,89.26,10.74,1.79,0.29,0,0,13
2016-08-23,91.83,8.17,2.65,1.2,0,0,12
2016-08-16,90.43,9.57,2.65,1.2,0,0,13
2016-08-09,88.15,11.85,2.98,1.2,0,0,16
2016-08-02,90.05,9.95,2.98,1.2,0,0,14
2016-07-26,90.05,9.95,2.98,1.2,0,0,14
2016-07-19,84.86,15.14,3.67,1.05,0,0,20
2016-07-12,87.73,12.27,1.97,0,0,0,14
2016-07-05,80.53,19.47,4.94,0.48,0,0,25
2016-06-28,82.42,17.58,3.61,0.19,0,0,21
2016-06-21,86.95,13.05,0.34,0,0,0,13
2016-06-14,81.05,18.95,0.34,0,0,0,19
2016-06-07,86.11,13.89,0.34,0,0,0,14
2016-05-31,87.24,12.76,0,0,0,0,13
2016-05-24,78.88,21.12,0,0,0,0,21
2016-05-17,79.4,20.6,0,0,0,0,21
2016-05-10,79.46,20.54,0,0,0,0,21
2016-05-03,72.34,27.66,0,0,0,0,28
2016-04-26,72.34,27.66,0,0,0,0,28
2016-04-19,28.48,71.52,15.14,0,0,0,87
2016-04-12,9.55,90.45,30.27,0,0,0,121
2016-04-05,10.3,89.7,25.5,0,0,0,115
2016-03-29,7.97,92.03,10.59,0,0,0,103
2016-03-22,7.97,92.03,10.59,0,0,0,103
2016-03-15,10.4,89.6,10.59,0,0,0,100
2016-03-08,15.87,84.13,2.76,0,0,0,87
2016-03-01,28.37,71.63,3.95,0,0,0,76
2016-02-23,40.65,59.35,3.87,0,0,0,63
2016-02-16,40.65,59.35,3.87,0,0,0,63
2016-02-09,44.67,55.33,3.87,0,0,0,59
2016-02-02,44.67,55.33,3.87,0,0,0,59
2016-01-26,74.65,25.35,3.87,0,0,0,29
2016-01-19,74.65,25.35,3.87,0,0,0,29
2016-01-12,61.32,38.68,5.47,0,0,0,44
2016-01-05,61.32,38.68,5.47,0,0,0,44
2015-12-29,61.32,38.68,5.47,0,0,0,44
2015-12-22,61.32,38.68,5.47,0,0,0,44
2015-12-15,57.11,42.89,6.51,0,0,0,49
2015-12-08,57.11,42.89,9.27,0,0,0,52
2015-12-01,57.11,42.89,9.27,0,0,0,52
2015-11-24,57.11,42.89,9.27,0,0,0,52
2015-11-17,63.12,36.88,9.99,0,0,0,47
2015-11-10,63.12,36.88,9.99,0,0,0,47
2015-11-03,63.12,36.88,9.99,0,0,0,47
2015-10-27,63.12,36.88,9.99,0,0,0,47
2015-10-20,63.12,36.88,13.87,0,0,0,51
2015-10-13,68.78,31.22,0,0,0,0,31
2015-10-06,74.6,25.4,0,0,0,0,25
2015-09-29,79.57,20.43,0,0,0,0,20
2015-09-22,84.39,15.61,0,0,0,0,16
2015-09-15,94.77,5.23,0,0,0,0,5
2015-09-08,92.35,7.65,0,0,0,0,8
2015-09-01,92.35,7.65,0,0,0,0,8
2015-08-25,92.35,7.65,0,0,0,0,8
2015-08-18,92.37,7.63,0,0,0,0,8
2015-08-11,92.37,7.63,0,0,0,0,8
2015-08-04,86.83,13.17,0,0,0,0,13
2015-07-28,86.83,13.17,0,0,0,0,13
2015-07-21,86.83,13.17,0,0,0,0,13
2015-07-14,89.26,10.74,0,0,0,0,11
2015-07-07,90.86,9.14,0,0,0,0,9
2015-06-30,90.98,9.02,0,0,0,0,9
2015-06-23,90.98,9.02,0,0,0,0,9
2015-06-16,90.98,9.02,0,0,0,0,9
2015-06-09,90.98,9.02,0,0,0,0,9
2015-06-02,80,20,0,0,0,0,20
2015-05-26,78.42,21.58,0,0,0,0,22
2015-05-19,73.42,26.58,0,0,0,0,27
2015-05-12,24.65,75.35,6.66,0,0,0,82
2015-05-05,18.76,81.24,27.42,2.33,0,0,111
2015-04-28,18.76,81.24,27.42,0,0,0,109
2015-04-21,18.93,81.07,21.17,0,0,0,102
2015-04-14,18.93,81.07,21.14,0,0,0,102
2015-04-07,5.18,94.82,21.14,0,0,0,116
2015-03-31,5.18,94.82,21.14,0,0,0,116
2015-03-24,5.18,94.82,21.14,0,0,0,116
2015-03-17,24.75,75.25,21.14,0,0,0,96
2015-03-10,31.65,68.35,9.53,0,0,0,78
2015-03-03,31.65,68.35,9.53,0,0,0,78
2015-02-24,31.65,68.35,9.53,0,0,0,78
2015-02-17,31.65,68.35,9.53,0,0,0,78
2015-02-10,31.65,68.35,9.53,0,0,0,78
2015-02-03,31.93,68.07,9.53,0,0,0,78
2015-01-27,31.93,68.07,9.53,0,0,0,78
2015-01-20,31.93,68.07,1.48,0,0,0,70
2015-01-13,31.93,68.07,1.48,0,0,0,70
2015-01-06,31.93,68.07,1.48,0,0,0,70
2014-12-30,31.93,68.07,1.48,0,0,0,70
2014-12-23,31.93,68.07,1.48,0,0,0,70
2014-12-16,43.92,56.08,1.48,0,0,0,58
2014-12-09,43.92,56.08,1.48,0,0,0,58
2014-12-02,43.92,56.08,1.48,0,0,0,58
2014-11-25,47.29,52.71,1.43,0,0,0,54
2014-11-18,85.81,14.19,1.43,0,0,0,16
2014-11-11,85.81,14.19,1.43,0,0,0,16
2014-11-04,85.85,14.15,1.43,0,0,0,16
2014-10-28,94.04,5.96,0,0,0,0,6
2014-10-21,94.07,5.93,0,0,0,0,6
2014-10-14,94.07,5.93,0,0,0,0,6
2014-10-07,99.19,0.81,0,0,0,0,1
2014-09-30,100,0,0,0,0,0,0
2014-09-23,100,0,0,0,0,0,0
2014-09-16,100,0,0,0,0,0,0
2014-09-09,100,0,0,0,0,0,0
2014-09-02,100,0,0,0,0,0,0
2014-08-26,100,0,0,0,0,0,0
2014-08-19,94.15,5.85,0,0,0,0,6
2014-08-12,99.06,0.94,0,0,0,0,1
2014-08-05,99.06,0.94,0,0,0,0,1
2014-07-29,99.06,0.94,0,0,0,0,1
2014-07-22,100,0,0,0,0,0,0
2014-07-15,100,0,0,0,0,0,0
2014-07-08,100,0,0,0,0,0,0
2014-07-01,100,0,0,0,0,0,0
2014-06-24,100,0,0,0,0,0,0
2014-06-17,100,0,0,0,0,0,0
2014-06-10,100,0,0,0,0,0,0
2014-06-03,100,0,0,0,0,0,0
2014-05-27,100,0,0,0,0,0,0
2014-05-20,100,0,0,0,0,0,0
2014-05-13,100,0,0,0,0,0,0
2014-05-06,100,0,0,0,0,0,0
2014-04-29,100,0,0,0,0,0,0
2014-04-22,100,0,0,0,0,0,0
2014-04-15,100,0,0,0,0,0,0
2014-04-08,100,0,0,0,0,0,0
2014-04-01,94.41,5.59,0,0,0,0,6
2014-03-25,94.41,5.59,0,0,0,0,6
2014-03-18,94.41,5.59,0,0,0,0,6
2014-03-11,94.41,5.59,0,0,0,0,6
2014-03-04,94.41,5.59,0,0,0,0,6
2014-02-25,94.41,5.59,0,0,0,0,6
2014-02-18,94.41,5.59,0,0,0,0,6
2014-02-11,94.41,5.59,0,0,0,0,6
2014-02-04,94.41,5.59,0,0,0,0,6
2014-01-28,94.41,5.59,0,0,0,0,6
2014-01-21,94.41,5.59,0,0,0,0,6
2014-01-14,94.41,5.59,0,0,0,0,6
2014-01-07,94.41,5.59,0,0,0,0,6
2013-12-31,94.41,5.59,0,0,0,0,6
2013-12-24,94.41,5.59,0,0,0,0,6
2013-12-17,94.41,5.59,0,0,0,0,6
2013-12-10,94.41,5.59,0,0,0,0,6
2013-12-03,92.01,7.99,0,0,0,0,8
2013-11-26,92.01,7.99,0,0,0,0,8
2013-11-19,92.01,7.99,0,0,0,0,8
2013-11-12,92.01,7.99,0,0,0,0,8
2013-11-05,92.01,7.99,0,0,0,0,8
2013-10-29,92.01,7.99,0,0,0,0,8
2013-10-22,85.63,14.37,0,0,0,0,14
2013-10-15,85.63,14.37,0,0,0,0,14
2013-10-08,70.12,29.88,2.22,0,0,0,32
2013-10-01,64.54,35.46,8.28,0,0,0,44
2013-09-24,60.55,39.45,17.34,0,0,0,57
2013-09-17,60.75,39.25,18.93,0,0,0,58
2013-09-10,54.03,45.97,27.36,3.8,0,0,77
2013-09-03,54.03,45.97,27.36,3.8,0,0,77
2013-08-27,44.35,55.65,30.53,3.8,0,0,90
2013-08-20,75.96,24.04,3.67,0,0,0,28
2013-08-13,76.18,23.82,3.67,0,0,0,27
2013-08-06,76.18,23.82,3.67,0,0,0,27
2013-07-30,83.45,16.55,0,0,0,0,17
2013-07-23,91.71,8.29,0,0,0,0,8
2013-07-16,99.68,0.32,0,0,0,0,0
2013-07-09,99.68,0.32,0,0,0,0,0
2013-07-02,99.68,0.32,0,0,0,0,0
2013-06-25,99.68,0.32,0,0,0,0,0
2013-06-18,90.28,9.72,0,0,0,0,10
2013-06-11,90.28,9.72,0,0,0,0,10
2013-06-04,86.26,13.74,0,0,0,0,14
2013-05-28,83.13,16.87,0.01,0,0,0,17
2013-05-21,71.11,28.89,2.66,0,0,0,32
2013-05-14,51.21,48.79,18.67,1.76,0,0,69
2013-05-07,54.02,45.98,18.67,1.76,0,0,66
2013-04-30,54.02,45.98,18.67,1.76,0,0,66
2013-04-23,50.96,49.04,25.1,1.84,0,0,76
2013-04-16,51.11,48.89,25.02,1.73,0,0,76
2013-04-09,35.71,64.29,48.93,24.92,0,0,138
2013-04-02,35.71,64.29,49,25.23,0.72,0,139
2013-03-26,33.49,66.51,46.55,24.73,0,0,138
2013-03-19,33.49,66.51,46.26,24.4,0,0,137
2013-03-12,33.49,66.51,46.26,24.4,0,0,137
2013-03-05,33.52,66.48,46.24,23.85,0,0,137
2013-02-26,33.59,66.41,46.55,23.85,0,0,137
2013-02-19,36.13,63.87,46.6,23.85,0,0,134
2013-02-12,36.13,63.87,46.6,23.85,0,0,134
2013-02-05,34.53,65.47,48.33,30.55,0,0,144
2013-01-29,34.53,65.47,48.33,30.55,0,0,144
2013-01-22,34.53,65.47,48.33,30.55,0,0,144
2013-01-15,34.53,65.47,48.33,30.55,0,0,144
2013-01-08,34.46,65.54,48.33,30.51,0,0,144
2013-01-01,11.09,88.91,54.98,30.51,0,0,174
2012-12-25,11.09,88.91,54.98,30.51,0,0,174
2012-12-18,11.09,88.91,54.98,30.51,0,0,174
2012-12-11,11.09,88.91,54.98,30.5,0,0,174
2012-12-04,8.66,91.34,55.53,32.64,0,0,180
2012-11-27,8.66,91.34,57.62,32.64,0,0,182
2012-11-20,8.66,91.34,59.02,29.51,0,0,180
2012-11-13,8.66,91.34,59.02,29.51,0,0,180
2012-11-06,0.21,99.79,77.61,30.45,0,0,208
2012-10-30,0,100,90.1,29.57,0,0,220
2012-10-23,0,100,95.35,36.71,0,0,232
2012-10-16,0,100,100,50.36,4.78,0,255
2012-10-09,0,100,100,50.42,4.78,0,255
2012-10-02,0,100,100,51,4.78,0,256
2012-09-25,0,100,94.9,28.49,4.78,0,228
2012-09-18,0,100,87.57,28.34,0,0,216
2012-09-11,0,100,80.41,28.34,0,0,209
2012-09-04,6.8,93.2,57.65,20.25,0,0,171
2012-08-28,8.98,91.02,39.36,17.3,0,0,148
2012-08-21,27.45,72.55,35.73,16.04,0,0,124
2012-08-14,28.65,71.35,35.66,16.28,0,0,123
2012-08-07,13.23,86.77,38.2,16.28,0,0,141
2012-07-31,13.23,86.77,38.2,16.28,0,0,141
2012-07-24,12.95,87.05,30.46,16.22,0,0,134
2012-07-17,21.57,78.43,26.07,16,0,0,120
2012-07-10,40.44,59.56,26.38,5.18,0,0,91
2012-07-03,49.28,50.72,18.69,0,0,0,69
2012-06-26,63.8,36.2,10.17,0,0,0,46
2012-06-19,67.25,32.75,10.17,0,0,0,43
2012-06-12,68.54,31.46,10.81,0,0,0,42
2012-06-05,63.09,36.91,14.75,0,0,0,52
2012-05-29,65.75,34.25,14.75,0,0,0,49
2012-05-22,62.01,37.99,17.36,0,0,0,55
2012-05-15,64.78,35.22,8.68,0,0,0,44
2012-05-08,67.98,32.02,8.68,0,0,0,41
2012-05-01,49.34,50.66,14.15,0,0,0,65
2012-04-24,25.84,74.16,22.6,0,0,0,97
2012-04-17,25.79,74.21,21.94,0,0,0,96
2012-04-10,17.66,82.34,15.79,0,0,0,98
2012-04-03,17.66,82.34,17.94,0,0,0,100
2012-03-27,11.21,88.79,7.61,0,0,0,96
2012-03-20,1.81,98.19,7.84,0,0,0,106
2012-03-13,1.81,98.19,7.84,0,0,0,106
2012-03-06,0.01,99.99,8.28,0,0,0,108
2012-02-28,0.01,99.99,9.32,0,0,0,109
2012-02-21,0.01,99.99,14.86,0,0,0,115
2012-02-14,0.38,99.62,14.86,0,0,0,114
2012-02-07,0.38,99.62,14.86,0,0,0,114
2012-01-31,0.38,99.62,14.86,0,0,0,114
2012-01-24,0.38,99.62,11.88,0,0,0,112
2012-01-17,0.38,99.62,8.67,0,0,0,108
2012-01-10,0.38,99.62,8.67,0,0,0,108
2012-01-03,0.38,99.62,8.67,0,0,0,108
2011-12-27,25.96,74.04,8.67,0,0,0,83
2011-12-20,26.35,73.65,8.67,0,0,0,82
2011-12-13,57.01,42.99,3.78,0,0,0,47
2011-12-06,57.01,42.99,3.78,0,0,0,47
2011-11-29,57.01,42.99,3.47,0,0,0,46
2011-11-22,72.88,27.12,0,0,0,0,27
2011-11-15,72.88,27.12,0,0,0,0,27
2011-11-08,72.88,27.12,0,0,0,0,27
2011-11-01,72.88,27.12,0,0,0,0,27
2011-10-25,86.9,13.1,0,0,0,0,13
2011-10-18,87.52,12.48,0,0,0,0,12
2011-10-11,91.39,8.61,0,0,0,0,9
2011-10-04,91.4,8.6,0,0,0,0,9
2011-09-27,100,0,0,0,0,0,0
2011-09-20,100,0,0,0,0,0,0
2011-09-13,100,0,0,0,0,0,0
2011-09-06,100,0,0,0,0,0,0
2011-08-30,100,0,0,0,0,0,0
2011-08-23,100,0,0,0,0,0,0
2011-08-16,100,0,0,0,0,0,0
2011-08-09,100,0,0,0,0,0,0
2011-08-02,100,0,0,0,0,0,0
2011-07-26,100,0,0,0,0,0,0
2011-07-19,100,0,0,0,0,0,0
2011-07-12,100,0,0,0,0,0,0
2011-07-05,100,0,0,0,0,0,0
2011-06-28,100,0,0,0,0,0,0
2011-06-21,100,0,0,0,0,0,0
2011-06-14,100,0,0,0,0,0,0
2011-06-07,100,0,0,0,0,0,0
2011-05-31,100,0,0,0,0,0,0
2011-05-24,100,0,0,0,0,0,0
2011-05-17,100,0,0,0,0,0,0
2011-05-10,100,0,0,0,0,0,0
2011-05-03,100,0,0,0,0,0,0
2011-04-26,100,0,0,0,0,0,0
2011-04-19,100,0,0,0,0,0,0
2011-04-12,100,0,0,0,0,0,0
2011-04-05,100,0,0,0,0,0,0
2011-03-29,100,0,0,0,0,0,0
2011-03-22,100,0,0,0,0,0,0
2011-03-15,100,0,0,0,0,0,0
2011-03-08,100,0,0,0,0,0,0
2011-03-01,100,0,0,0,0,0,0
2011-02-22,100,0,0,0,0,0,0
2011-02-15,100,0,0,0,0,0,0
2011-02-08,100,0,0,0,0,0,0
2011-02-01,100,0,0,0,0,0,0
2011-01-25,100,0,0,0,0,0,0
2011-01-18,100,0,0,0,0,0,0
2011-01-11,100,0,0,0,0,0,0
2011-01-04,100,0,0,0,0,0,0
2010-12-28,100,0,0,0,0,0,0
2010-12-21,100,0,0,0,0,0,0
2010-12-14,100,0,0,0,0,0,0
2010-12-07,100,0,0,0,0,0,0
2010-11-30,100,0,0,0,0,0,0
2010-11-23,100,0,0,0,0,0,0
2010-11-16,100,0,0,0,0,0,0
2010-11-09,100,0,0,0,0,0,0
2010-11-02,100,0,0,0,0,0,0
2010-10-26,100,0,0,0,0,0,0
2010-10-19,100,0,0,0,0,0,0
2010-10-12,100,0,0,0,0,0,0
2010-10-05,100,0,0,0,0,0,0
2010-09-28,100,0,0,0,0,0,0
2010-09-21,99.83,0.17,0,0,0,0,0
2010-09-14,92.3,7.7,0,0,0,0,8
2010-09-07,88.41,11.59,0,0,0,0,12
2010-08-31,76.65,23.35,0,0,0,0,23
2010-08-24,99.66,0.34,0,0,0,0,0
2010-08-17,99.64,0.36,0,0,0,0,0
2010-08-10,99.64,0.36,0,0,0,0,0
2010-08-03,100,0,0,0,0,0,0
2010-07-27,100,0,0,0,0,0,0
2010-07-20,100,0,0,0,0,0,0
2010-07-13,100,0,0,0,0,0,0
2010-07-06,100,0,0,0,0,0,0
2010-06-29,100,0,0,0,0,0,0
2010-06-22,100,0,0,0,0,0,0
2010-06-15,100,0,0,0,0,0,0
2010-06-08,100,0,0,0,0,0,0
2010-06-01,100,0,0,0,0,0,0
2010-05-25,100,0,0,0,0,0,0
2010-05-18,100,0,0,0,0,0,0
2010-05-11,100,0,0,0,0,0,0
2010-05-04,100,0,0,0,0,0,0
2010-04-27,96.24,3.76,0,0,0,0,4
2010-04-20,96.24,3.76,0,0,0,0,4
2010-04-13,98.27,1.73,0,0,0,0,2
2010-04-06,100,0,0,0,0,0,0
2010-03-30,100,0,0,0,0,0,0
2010-03-23,100,0,0,0,0,0,0
2010-03-16,100,0,0,0,0,0,0
2010-03-09,100,0,0,0,0,0,0
2010-03-02,100,0,0,0,0,0,0
2010-02-23,100,0,0,0,0,0,0
2010-02-16,100,0,0,0,0,0,0
2010-02-09,100,0,0,0,0,0,0
2010-02-02,100,0,0,0,0,0,0
2010-01-26,100,0,0,0,0,0,0
2010-01-19,100,0,0,0,0,0,0
2010-01-12,100,0,0,0,0,0,0
2010-01-05,100,0,0,0,0,0,0
2009-12-29,89.09,10.91,0,0,0,0,11
2009-12-22,89.09,10.91,0,0,0,0,11
2009-12-15,89.09,10.91,0,0,0,0,11
2009-12-08,89.09,10.91,0,0,0,0,11
2009-12-01,100,0,0,0,0,0,0
2009-11-24,100,0,0,0,0,0,0
2009-11-17,100,0,0,0,0,0,0
2009-11-10,100,0,0,0,0,0,0
2009-11-03,100,0,0,0,0,0,0
2009-10-27,100,0,0,0,0,0,0
2009-10-20,99.98,0.02,0,0,0,0,0
2009-10-13,85.49,14.51,0,0,0,0,15
2009-10-06,85.49,14.51,0,0,0,0,15
2009-09-29,70.98,29.02,0,0,0,0,29
2009-09-22,75.82,24.18,0,0,0,0,24
2009-09-15,74.07,25.93,3.41,0,0,0,29
2009-09-08,53.51,46.49,12.02,0,0,0,59
2009-09-01,56.48,43.52,6.87,0,0,0,50
2009-08-25,56.48,43.52,6.87,0,0,0,50
2009-08-18,52.67,47.33,7.41,0,0,0,55
2009-08-11,52.67,47.33,7.41,0,0,0,55
2009-08-04,58.81,41.19,7.41,0,0,0,49
2009-07-28,68.28,31.72,6.36,0,0,0,38
2009-07-21,82.65,17.35,0,0,0,0,17
2009-07-14,81.75,18.25,0,0,0,0,18
2009-07-07,61.42,38.58,0.06,0,0,0,39
2009-06-30,81.44,18.56,0,0,0,0,19
2009-06-23,88.14,11.86,0,0,0,0,12
2009-06-16,87.81,12.19,0,0,0,0,12
2009-06-09,87.8,12.2,0,0,0,0,12
2009-06-02,86.11,13.89,0,0,0,0,14
2009-05-26,100,0,0,0,0,0,0
2009-05-19,100,0,0,0,0,0,0
2009-05-12,100,0,0,0,0,0,0
2009-05-05,93.33,6.67,0,0,0,0,7
2009-04-28,89.54,10.46,0,0,0,0,10
2009-04-21,89.54,10.46,0,0,0,0,10
2009-04-14,99.47,0.53,0,0,0,0,1
2009-04-07,100,0,0,0,0,0,0
2009-03-31,100,0,0,0,0,0,0
2009-03-24,100,0,0,0,0,0,0
2009-03-17,93.52,6.48,0,0,0,0,6
2009-03-10,93.52,6.48,0,0,0,0,6
2009-03-03,91.58,8.42,0,0,0,0,8
2009-02-24,91.58,8.42,0,0,0,0,8
2009-02-17,85.59,14.41,0,0,0,0,14
2009-02-10,85.59,14.41,0,0,0,0,14
2009-02-03,85.7,14.3,7.07,0,0,0,21
2009-01-27,79.64,20.36,11.33,0,0,0,32
2009-01-20,79.64,20.36,11.33,0,0,0,32
2009-01-13,74.57,25.43,16.27,0,0,0,42
2009-01-06,74.56,25.44,16.27,0,0,0,42
2008-12-30,74.56,25.44,16.27,0,0,0,42
2008-12-23,74.56,25.44,16.27,0,0,0,42
2008-12-16,74.56,25.44,16.27,0,0,0,42
2008-12-09,74.56,25.44,16.48,0,0,0,42
2008-12-02,74.56,25.44,16.48,0,0,0,42
2008-11-25,74.56,25.44,16.48,0,0,0,42
2008-11-18,74.56,25.44,16.48,0,0,0,42
2008-11-11,73.37,26.63,18.31,8.93,0,0,54
2008-11-04,71.07,28.93,19.81,11.8,0,0,61
2008-10-28,71.07,28.93,19.81,11.8,0,0,61
2008-10-21,70.96,29.04,19.84,11.88,0,0,61
2008-10-14,70.96,29.04,19.84,11.88,0,0,61
2008-10-07,54.85,45.15,28.83,19.39,11.79,0,105
2008-09-30,54.85,45.15,28.83,19.39,11.79,0,105
2008-09-23,54.85,45.15,32.4,21.2,11.79,0,111
2008-09-16,54.85,45.15,32.4,21.2,11.79,0,111
2008-09-09,46.75,53.25,39.04,17.9,7.77,0,118
2008-09-02,46.75,53.25,39.04,28.36,11.37,0,132
2008-08-26,16.9,83.1,42,28.36,11.37,0,165
2008-08-19,16.9,83.1,49.65,37.83,17.94,0,189
2008-08-12,6.87,93.13,56.37,43.78,30.58,0,224
2008-08-05,3.43,96.57,56.67,43.78,30.58,0,228
2008-07-29,0,100,56.98,49.03,37.92,0,244
2008-07-22,3.37,96.63,56.39,44.22,17.83,0,215
2008-07-15,38.53,61.47,45.38,31.42,0,0,138
2008-07-08,38.75,61.25,39.28,12.68,0,0,113
2008-07-01,40.08,59.92,39.28,12.68,0,0,112
2008-06-24,33.09,66.91,38.03,10.38,0,0,115
2008-06-17,26.78,73.22,47.59,36.69,0,0,158
2008-06-10,15.57,84.43,57.14,43.63,28.92,0,214
2008-06-03,5.87,94.13,81.06,51.06,38.2,0,264
2008-05-27,1.28,98.72,83.52,47.77,29.46,0,259
2008-05-20,4.01,95.99,83.86,48.46,29.46,0,258
2008-05-13,4.25,95.75,56.84,48.89,29.46,0,231
2008-05-06,4.28,95.72,56.84,49.02,29.46,0,231
2008-04-29,3.39,96.61,59.8,49.5,29.46,0,235
2008-04-22,1.07,98.93,59.8,49.5,29.46,0,238
2008-04-15,1.07,98.93,55.49,44.72,22.81,0,222
2008-04-08,0.9,99.1,55.49,44.72,22.81,0,222
2008-04-01,0,100,58.18,44.72,22.81,0,226
2008-03-25,0,100,58.12,40.3,5.82,0,204
2008-03-18,0,100,62.29,39.05,5.82,0,207
2008-03-11,0,100,62.29,39.05,5.82,0,207
2008-03-04,0,100,62.29,39.05,5.82,0,207
2008-02-26,0,100,55.47,39.05,2.37,0,197
2008-02-19,0,100,55.47,39.05,2.37,0,197
2008-02-12,0,100,55.47,39.05,2.37,0,197
2008-02-05,0,100,55.47,39.05,2.37,0,197
2008-01-29,5.57,94.43,55.47,39.05,2.37,0,191
2008-01-22,19.88,80.12,55.25,39.55,0,0,175
2008-01-15,19.88,80.12,55.35,39.5,0,0,175
2008-01-08,19.88,80.12,55.35,28.87,0,0,164
2008-01-01,19.79,80.21,55.49,16.42,0,0,152
2007-12-25,19.79,80.21,55.42,16.42,0,0,152
2007-12-18,19.79,80.21,55.42,16.42,0,0,152
2007-12-11,19.79,80.21,55.19,16.42,0,0,152
2007-12-04,19.79,80.21,55.19,16.42,0,0,152
2007-11-27,16.9,83.1,55.19,16.42,0,0,155
2007-11-20,24.54,75.46,55.19,16.17,0,0,147
2007-11-13,24.54,75.46,55.13,16.17,0,0,147
2007-11-06,24.54,75.46,55.09,13.27,0,0,144
2007-10-30,24.54,75.46,46.97,13.27,0,0,136
2007-10-23,24.54,75.46,46.97,9.91,0,0,132
2007-10-16,24.54,75.46,46.96,9.91,0,0,132
2007-10-09,25.55,74.45,40.83,2.92,0,0,118
2007-10-02,25.55,74.45,38.15,4.38,0,0,117
2007-09-25,44.21,55.79,22.37,0,0,0,78
2007-09-18,60.86,39.14,8.11,0,0,0,47
2007-09-11,61.19,38.81,8.11,0,0,0,47
2007-09-04,63.39,36.61,8.86,0,0,0,45
2007-08-28,66.42,33.58,2.89,0,0,0,36
2007-08-21,64.16,35.84,3.9,0,0,0,40
2007-08-14,56.24,43.76,3.71,0,0,0,47
2007-08-07,49.11,50.89,3.78,0,0,0,55
2007-07-31,57.27,42.73,0,0,0,0,43
2007-07-24,76.49,23.51,0,0,0,0,24
2007-07-17,85.36,14.64,0,0,0,0,15
2007-07-10,88.19,11.81,0,0,0,0,12
2007-07-03,93.97,6.03,0,0,0,0,6
2007-06-26,100,0,0,0,0,0,0
2007-06-19,100,0,0,0,0,0,0
2007-06-12,100,0,0,0,0,0,0
2007-06-05,62.12,37.88,0,0,0,0,38
2007-05-29,49.75,50.25,4.07,0,0,0,54
2007-05-22,44.11,55.89,19.63,0,0,0,76
2007-05-15,44.11,55.89,31.89,0,0,0,88
2007-05-08,44.11,55.89,34.13,5.86,0,0,96
2007-05-01,32.71,67.29,38.8,5.86,0,0,112
2007-04-24,40.82,59.18,34.25,3.7,0,0,97
2007-04-17,40.71,59.29,37.85,5.89,0,0,103
2007-04-10,35.74,64.26,37.9,9.05,0,0,111
2007-04-03,35.15,64.85,37.9,9.06,0,0,112
2007-03-27,9.11,90.89,69.26,21.8,0,0,182
2007-03-20,9.11,90.89,69.26,21.8,0,0,182
2007-03-13,9.11,90.89,69.26,21.8,0.64,0,183
2007-03-06,9.11,90.89,69.26,21.8,0.64,0,183
2007-02-27,2.22,97.78,77.43,24.63,1.27,0,201
2007-02-20,0,100,77.65,25.89,1.27,0,205
2007-02-13,0,100,77.65,25.91,2.13,0,206
2007-02-06,0,100,77.65,22.2,2.13,0,202
2007-01-30,0,100,77.65,22.2,2.13,0,202
2007-01-23,0,100,77.65,22.2,2.13,0,202
2007-01-16,0,100,77.65,22.2,2.13,0,202
2007-01-09,0,100,77.65,22.2,2.13,0,202
2007-01-02,0,100,77.39,22.2,2.13,0,202
2006-12-26,0,100,77.39,22.2,2.13,0,202
2006-12-19,0,100,77.36,22.2,2.13,0,202
2006-12-12,0,100,77.36,22.2,2.13,0,202
2006-12-05,0,100,77.36,22.2,2.13,0,202
2006-11-28,0,100,75.95,21.74,1.93,0,200
2006-11-21,0,100,75.95,21.74,1.93,0,200
2006-11-14,0,100,75.95,22.2,1.93,0,200
2006-11-07,7.6,92.4,75.95,22.2,1.93,0,192
2006-10-31,7.6,92.4,75.95,22.3,1.93,0,193
2006-10-24,7.6,92.4,75.95,28.32,1.93,0,199
2006-10-17,7.6,92.4,75.95,28.32,1.93,0,199
2006-10-10,7.6,92.4,75.95,28.32,2.69,0,199
2006-10-03,7.6,92.4,74.3,30.25,2.71,0,200
2006-09-26,7.11,92.89,74.3,30.25,2.71,0,200
2006-09-19,0.53,99.47,96.23,30.82,4.08,0,231
2006-09-12,0,100,96.18,32.1,4.08,0,232
2006-09-05,0,100,96.18,32.1,4.08,0,232
2006-08-29,0,100,100,32.1,4.08,0,236
2006-08-22,0,100,100,97.64,7.31,0,305
2006-08-15,0,100,100,97.64,21,2.21,321
2006-08-08,0,100,100,98.5,28.34,2.4,329
2006-08-01,0,100,100,57.68,15.43,1.89,275
2006-07-25,0,100,100,41.9,8.32,0.4,251
2006-07-18,0,100,100,26.22,7.87,0.4,234
2006-07-11,0,100,55.04,17.52,4.79,0,177
2006-07-04,12.32,87.68,41.12,4.8,0,0,134
2006-06-27,27.34,72.66,8.71,0.92,0,0,82
2006-06-20,55.93,44.07,8.36,0.75,0,0,53
2006-06-13,55.93,44.07,8.36,0.75,0,0,53
2006-06-06,55.93,44.07,7.66,0.45,0,0,52
2006-05-30,55.93,44.07,6.15,0.45,0,0,51
2006-05-23,55.93,44.07,6.15,0.34,0,0,51
2006-05-16,61.58,38.42,3.72,0,0,0,42
2006-05-09,61.73,38.27,0,0,0,0,38
2006-05-02,81.06,18.94,0,0,0,0,19
2006-04-25,84.03,15.97,0,0,0,0,16
2006-04-18,72.87,27.13,0,0,0,0,27
2006-04-11,73.84,26.16,0,0,0,0,26
2006-04-04,74.66,25.34,0,0,0,0,25
2006-03-28,26.31,73.69,0,0,0,0,74
2006-03-21,14.05,85.95,0,0,0,0,86
2006-03-14,91.17,8.83,0,0,0,0,9
2006-03-07,91.17,8.83,0,0,0,0,9
2006-02-28,90.93,9.07,0,0,0,0,9
2006-02-21,90.93,9.07,0,0,0,0,9
2006-02-14,93.45,6.55,0,0,0,0,7
2006-02-07,93.45,6.55,0,0,0,0,7
2006-01-31,93.45,6.55,0,0,0,0,7
2006-01-24,93.45,6.55,0,0,0,0,7
2006-01-17,93.45,6.55,0,0,0,0,7
2006-01-10,92.93,7.07,0,0,0,0,7
2006-01-03,92.93,7.07,0,0,0,0,7
2005-12-27,93.03,6.97,0,0,0,0,7
2005-12-20,93.03,6.97,0,0,0,0,7
2005-12-13,97.72,2.28,0,0,0,0,2
2005-12-06,97.72,2.28,0,0,0,0,2
2005-11-29,97.72,2.28,0,0,0,0,2
2005-11-22,69.65,30.35,0,0,0,0,30
2005-11-15,69.65,30.35,0,0,0,0,30
2005-11-08,69.65,30.35,0,0,0,0,30
2005-11-01,69.65,30.35,0,0,0,0,30
2005-10-25,88.06,11.94,0,0,0,0,12
2005-10-18,88.06,11.94,0,0,0,0,12
2005-10-11,87.52,12.48,0,0,0,0,12
2005-10-04,75.5,24.5,0,0,0,0,25
2005-09-27,75.5,24.5,0,0,0,0,25
2005-09-20,75.89,24.11,0,0,0,0,24
2005-09-13,76.87,23.13,0,0,0,0,23
2005-09-06,76.76,23.24,0,0,0,0,23
2005-08-30,77.56,22.44,0,0,0,0,22
2005-08-23,77.47,22.53,0,0,0,0,23
2005-08-16,76.86,23.14,0,0,0,0,23
2005-08-09,76.98,23.02,0,0,0,0,23
2005-08-02,77.39,22.61,0,0,0,0,23
2005-07-26,77.01,22.99,0,0,0,0,23
2005-07-19,77.01,22.99,0,0,0,0,23
2005-07-12,77.59,22.41,0,0,0,0,22
2005-07-05,77.27,22.73,1.14,0,0,0,24
2005-06-28,67.41,32.59,5.73,0,0,0,38
2005-06-21,58.91,41.09,12.84,0,0,0,54
2005-06-14,60.13,39.87,14.63,0,0,0,55
2005-06-07,47.1,52.9,33.93,0,0,0,87
2005-05-31,14.14,85.86,39.96,12.84,0,0,139
2005-05-24,11.34,88.66,39.96,12.84,0,0,141
2005-05-17,0,100,56.61,12.84,0,0,169
2005-05-10,0,100,57.93,18.36,0,0,176
2005-05-03,0,100,57.93,18.36,0.77,0,177
2005-04-26,12.13,87.87,57.93,18.36,0.77,0,165
2005-04-19,34.34,65.66,35.3,18.36,1.02,0,120
2005-04-12,46.66,53.34,35.3,18.36,1.02,0,108
2005-04-05,45.35,54.65,35.56,18.3,1.02,0,110
2005-03-29,36.78,63.22,41.04,17.04,1.02,0,122
2005-03-22,37.95,62.05,40.78,17.04,1.05,0,121
2005-03-15,37.95,62.05,40.78,17.04,1.05,0,121
2005-03-08,37.95,62.05,40.78,17.04,1.05,0,121
2005-03-01,37.85,62.15,40.78,17.04,1.05,0,121
2005-02-22,37.85,62.15,40.78,17.04,1.05,0,121
2005-02-15,37.85,62.15,40.78,17.04,1.05,0,121
2005-02-08,45.07,54.93,30.58,17.04,0,0,103
2005-02-01,45.1,54.9,30.58,16.5,0,0,102
2005-01-25,45.1,54.9,30.58,16.5,0,0,102
2005-01-18,45.12,54.88,30.58,16.5,0,0,102
2005-01-11,45.12,54.88,30.58,16.5,0,0,102
2005-01-04,45.12,54.88,28.74,17.39,0,0,101
2004-12-28,45.12,54.88,28.74,17.39,0,0,101
2004-12-21,45.34,54.66,28.74,17.39,0,0,101
2004-12-14,50.93,49.07,28.42,17.29,0,0,95
2004-12-07,50.93,49.07,27.32,17.11,0,0,93
2004-11-30,50.93,49.07,26.51,17.11,0,0,93
2004-11-23,51.56,48.44,26.57,17.27,0,0,92
2004-11-16,51.56,48.44,26.57,17.27,0,0,92
2004-11-09,51.56,48.44,26.57,17.27,0,0,92
2004-11-02,51.56,48.44,26.57,17.27,0,0,92
2004-10-26,50.86,49.14,26.69,17.36,0,0,93
2004-10-19,50.86,49.14,26.69,17.36,0,0,93
2004-10-12,50.86,49.14,29.07,17.36,0,0,96
2004-10-05,50.86,49.14,29.07,17.36,0,0,96
2004-09-28,55.82,44.18,25.44,17.36,0,0,87
2004-09-21,55.5,44.5,25.44,17.36,0,0,87
2004-09-14,55.29,44.71,25.47,17.36,0,0,88
2004-09-07,56.63,43.37,24.31,17.36,0,0,85
2004-08-31,49.41,50.59,24.35,17.36,0,0,92
2004-08-24,53.22,46.78,24.35,17.36,0,0,88
2004-08-17,50.05,49.95,24.8,15,0,0,90
2004-08-10,53.67,46.33,24.8,15,0,0,86
2004-08-03,53.52,46.48,25.59,15.01,1.29,0,88
2004-07-27,59.56,40.44,25.55,14.95,1.19,0,82
2004-07-20,59.86,40.14,24.93,14.95,0,0,80
2004-07-13,59.86,40.14,25.55,14.95,0,0,81
2004-07-06,59.86,40.14,25.55,14.95,0,0,81
2004-06-29,63.88,36.12,23.68,10.22,0,0,70
2004-06-22,63.7,36.3,23.83,5.74,0,0,66
2004-06-15,63.92,36.08,23.97,6.06,0,0,66
2004-06-08,63.92,36.08,24.07,6.75,0,0,67
2004-06-01,60.75,39.25,24.81,5,0,0,69
2004-05-25,46.67,53.33,29.87,3.15,0,0,86
2004-05-18,35.25,64.75,29.87,6.58,0,0,101
2004-05-11,17.78,82.22,34.69,7.66,0,0,125
2004-05-04,17.96,82.04,34.69,6.34,0,0,123
2004-04-27,17.96,82.04,34.69,5.51,0,0,122
2004-04-20,17.96,82.04,34.69,5.51,0,0,122
2004-04-13,17.35,82.65,34.27,5.36,0,0,122
2004-04-06,17.35,82.65,34.03,5.36,0,0,122
2004-03-30,17.41,82.59,34.3,5.36,0,0,122
2004-03-23,0.65,99.35,42.86,5.36,0,0,148
2004-03-16,0.65,99.35,42.86,5.36,0,0,148
2004-03-09,0,100,47.77,5.36,0,0,153
2004-03-02,0,100,41.23,5.36,0,0,147
2004-02-24,0,100,41.23,5.4,0,0,147
2004-02-17,0,100,41.23,5.4,0,0,147
2004-02-10,0,100,41.23,5.4,0,0,147
2004-02-03,0,100,41.23,5.4,0,0,147
2004-01-27,0,100,41.23,5.4,0,0,147
2004-01-20,0,100,40.48,5.4,0,0,146
2004-01-13,0,100,40.23,5.19,0,0,145
2004-01-06,0,100,39.26,4.97,0,0,144
2003-12-30,0,100,39.19,5.94,0,0,145
2003-12-23,0,100,47.36,5.67,0,0,153
2003-12-16,0,100,47.34,6.13,0,0,153
2003-12-09,0,100,38.39,5.37,0,0,144
2003-12-02,0,100,36.7,5.26,0,0,142
2003-11-25,0,100,34.64,2.7,0,0,137
2003-11-18,0,100,34.68,3.47,0,0,138
2003-11-11,0,100,34.76,3.01,0,0,138
2003-11-04,0,100,35.57,3.32,0,0,139
2003-10-28,0,100,34.97,3.34,0,0,138
2003-10-21,0,100,35.19,2.91,0,0,138
2003-10-14,0,100,32.89,2.68,0,0,136
2003-10-07,0,100,39.71,3.14,0,0,143
2003-09-30,0,100,32.73,2.28,0,0,135
2003-09-23,0,100,32.17,2.33,0,0,135
2003-09-16,0,100,36.33,2.82,0,0,139
2003-09-09,0,100,22.39,12.74,2.65,0,138
2003-09-02,0,100,22.26,11.42,0.78,0,134
2003-08-26,0,100,28.41,11.59,0.7,0,141
2003-08-19,0,100,13.1,2.04,0,0,115
2003-08-12,62.78,37.22,14.13,2.14,0,0,53
2003-08-05,58.44,41.56,13.5,1.01,0,0,56
2003-07-29,85.33,14.67,6.55,1.22,0,0,22
2003-07-22,84.39,15.61,5.45,0.69,0,0,22
2003-07-15,87.85,12.15,5.37,0,0,0,18
2003-07-08,87.86,12.14,5.58,0,0,0,18
2003-07-01,86.06,13.94,6.38,0,0,0,20
2003-06-24,75.36,24.64,11.15,0,0,0,36
2003-06-17,77.7,22.3,11.06,0,0,0,33
2003-06-10,70.74,29.26,11.58,0,0,0,41
2003-06-03,70.07,29.93,12.89,0.47,0.01,0,43
2003-05-27,68.68,31.32,13.45,0.54,0.03,0,45
2003-05-20,69.25,30.75,12.53,0.26,0,0,44
2003-05-13,60.57,39.43,13.41,0.46,0.07,0,53
2003-05-06,23.29,76.71,32.55,1.64,0.03,0,111
2003-04-29,4.87,95.13,64.75,12.58,0,0,172
2003-04-22,4.62,95.38,64.45,12.1,0,0,172
2003-04-15,4.93,95.07,64.57,13.34,0.48,0,173
2003-04-08,5.25,94.75,64.93,10.64,0.37,0,171
2003-04-01,5.16,94.84,64.28,8.33,0,0,167
2003-03-25,0,100,64.28,2.92,0,0,167
2003-03-18,0,100,68.25,14.59,0.49,0,183
2003-03-11,0,100,66.44,14.71,0.48,0,182
2003-03-04,0,100,65.88,14.68,0.46,0,181
2003-02-25,0,100,34.86,14.43,0.87,0,150
2003-02-18,0,100,33.84,14.03,0.69,0,149
2003-02-11,0,100,34.67,14.62,0.74,0,150
2003-02-04,0,100,35.12,14.88,0.76,0,151
2003-01-28,0,100,34.28,14.61,0.86,0,150
2003-01-21,0,100,32.27,13.75,2.07,0,148
2003-01-14,0.39,99.61,32.42,14.14,2.03,0,148
2003-01-07,0.26,99.74,34.08,14.42,2.68,0,151
2002-12-31,23.48,76.52,32.86,13.65,1.91,0,125
2002-12-24,23.79,76.21,33.62,12.95,1.55,0,124
2002-12-17,23.18,76.82,33.96,13.4,1.78,0,126
2002-12-10,26.86,73.14,26.76,13.37,0.7,0,114
2002-12-03,52.86,47.14,14.54,2.04,0,0,64
2002-11-26,53.44,46.56,14.04,2.22,0,0,63
2002-11-19,50.77,49.23,14.11,1.95,0,0,65
2002-11-12,50.94,49.06,13.61,1.78,0,0,64
2002-11-05,50.67,49.33,13.75,1.58,0,0,65
2002-10-29,50.62,49.38,18.68,2.9,0,0,71
2002-10-22,51.18,48.82,20.52,2.89,0,0,72
2002-10-15,50.94,49.06,20.83,2.87,0,0,73
2002-10-08,50.71,49.29,21.27,3.14,0,0,74
2002-10-01,75.31,24.69,3.93,0.11,0,0,29
2002-09-24,80.79,19.21,8.93,0.74,0,0,29
2002-09-17,80.16,19.84,9.26,0.82,0,0,30
2002-09-10,79.54,20.46,8.68,0.77,0,0,30
2002-09-03,79.38,20.62,9.4,1.46,0,0,31
2002-08-27,73.85,26.15,11.82,1.31,0,0,39
2002-08-20,73.53,26.47,12.69,1.69,0,0,41
2002-08-13,74.12,25.88,12.02,1.68,0,0,40
2002-08-06,59.12,40.88,13.15,2.49,0,0,57
2002-07-30,58.64,41.36,14.64,3.05,0,0,59
2002-07-23,73.66,26.34,16.36,5.82,0,0,49
2002-07-16,67.71,32.29,17.1,7.53,0,0,57
2002-07-09,62.84,37.16,21.31,7.25,0,0,66
2002-07-02,52.3,47.7,13.59,1.89,0,0,63
2002-06-25,55.63,44.37,13.15,0,0,0,58
2002-06-18,41.99,58.01,11.25,0.48,0,0,70
2002-06-11,47.38,52.62,9.78,0,0,0,62
2002-06-04,11.41,88.59,16.63,0,0,0,105
2002-05-28,5.72,94.28,0,0,0,0,94
2002-05-21,24.56,75.44,0,0,0,0,75
2002-05-14,6.09,93.91,12.42,0,0,0,106
2002-05-07,0,100,46.78,0,0,0,147
2002-04-30,0,100,15.64,0,0,0,116
2002-04-23,0,100,15.17,0,0,0,115
2002-04-16,0,100,19.74,0,0,0,120
2002-04-09,0,100,4.26,0,0,0,104
2002-04-02,0,100,4.88,0,0,0,105
2002-03-26,0,100,5.22,0,0,0,105
2002-03-19,0,100,6.15,0,0,0,106
2002-03-12,0,100,7.41,0,0,0,107
2002-03-05,0,100,5.99,0,0,0,106
2002-02-26,0,100,6.69,0,0,0,107
2002-02-19,0,100,6.23,0,0,0,106
2002-02-12,0,100,6.71,0,0,0,107
2002-02-05,25.18,74.82,9.17,0,0,0,84
2002-01-29,28.92,71.08,18.11,0,0,0,89
2002-01-22,30.69,69.31,19.01,0,0,0,88
2002-01-15,31.44,68.56,18.12,0,0,0,87
2002-01-08,31.99,68.01,20.74,0,0,0,89
2002-01-01,31.92,68.08,24.27,0,0,0,92
2001-12-25,31.63,68.37,24.63,0,0,0,93
2001-12-18,31.63,68.37,24.63,0,0,0,93
2001-12-11,31.63,68.37,24.63,0,0,0,93
2001-12-04,31.63,68.37,24.63,0,0,0,93
2001-11-27,31.63,68.37,0,0,0,0,68
2001-11-20,31.63,68.37,0,0,0,0,68
2001-11-13,29.98,70.02,0,0,0,0,70
2001-11-06,29.98,70.02,0,0,0,0,70
2001-10-30,29.98,70.02,0,0,0,0,70
2001-10-23,29.88,70.12,0,0,0,0,70
2001-10-16,55.13,44.87,0,0,0,0,45
2001-10-09,61.66,38.34,0,0,0,0,38
2001-10-02,83.24,16.76,0,0,0,0,17
2001-09-25,100,0,0,0,0,0,0
2001-09-18,100,0,0,0,0,0,0
2001-09-11,91.44,8.56,0,0,0,0,9
2001-09-04,99.42,0.58,0,0,0,0,1
2001-08-28,100,0,0,0,0,0,0
2001-08-21,100,0,0,0,0,0,0
2001-08-14,100,0,0,0,0,0,0
2001-08-07,100,0,0,0,0,0,0
2001-07-31,100,0,0,0,0,0,0
2001-07-24,100,0,0,0,0,0,0
2001-07-17,100,0,0,0,0,0,0
2001-07-10,100,0,0,0,0,0,0
2001-07-03,100,0,0,0,0,0,0
2001-06-26,100,0,0,0,0,0,0
2001-06-19,100,0,0,0,0,0,0
2001-06-12,100,0,0,0,0,0,0
2001-06-05,100,0,0,0,0,0,0
2001-05-29,100,0,0,0,0,0,0
2001-05-22,100,0,0,0,0,0,0
2001-05-15,100,0,0,0,0,0,0
2001-05-08,100,0,0,0,0,0,0
2001-05-01,100,0,0,0,0,0,0
2001-04-24,100,0,0,0,0,0,0
2001-04-17,100,0,0,0,0,0,0
2001-04-10,100,0,0,0,0,0,0
2001-04-03,90.48,9.52,0,0,0,0,10
2001-03-27,99.23,0.77,0,0,0,0,1
2001-03-20,99.23,0.77,0,0,0,0,1
2001-03-13,99.22,0.78,0,0,0,0,1
2001-03-06,99.22,0.78,0,0,0,0,1
2001-02-27,99.22,0.78,0,0,0,0,1
2001-02-20,99.22,0.78,0,0,0,0,1
2001-02-13,99.22,0.78,0,0,0,0,1
2001-02-06,99.21,0.79,0,0,0,0,1
2001-01-30,99.21,0.79,0,0,0,0,1
2001-01-23,98.91,1.09,0,0,0,0,1
2001-01-16,100,0,0,0,0,0,0
2001-01-09,100,0,0,0,0,0,0
2001-01-02,100,0,0,0,0,0,0
2000-12-26,100,0,0,0,0,0,0
2000-12-19,100,0,0,0,0,0,0
2000-12-12,99.95,0.05,0,0,0,0,0
2000-12-05,99.94,0.06,0,0,0,0,0
2000-11-28,99.94,0.06,0,0,0,0,0
2000-11-21,99.94,0.06,0,0,0,0,0
2000-11-14,99.99,0.01,0,0,0,0,0
2000-11-07,99.99,0.01,0,0,0,0,0
2000-10-31,73.78,26.22,5.62,0,0,0,32
2000-10-24,88.66,11.34,2.62,0,0,0,14
2000-10-17,91.16,8.84,0.04,0,0,0,9
2000-10-10,93.58,6.42,0,0,0,0,6
2000-10-03,93.54,6.46,0,0,0,0,6
2000-09-26,93.54,6.46,0,0,0,0,6
2000-09-19,95.18,4.82,0,0,0,0,5
2000-09-12,95.73,4.27,0,0,0,0,4
2000-09-05,95.73,4.27,0,0,0,0,4
2000-08-29,97.73,2.27,0,0,0,0,2
2000-08-22,100,0,0,0,0,0,0
2000-08-15,100,0,0,0,0,0,0
2000-08-08,100,0,0,0,0,0,0
2000-08-01,100,0,0,0,0,0,0
2000-07-25,100,0,0,0,0,0,0
2000-07-18,100,0,0,0,0,0,0
2000-07-11,100,0,0,0,0,0,0
2000-07-04,100,0,0,0,0,0,0
2000-06-27,100,0,0,0,0,0,0
2000-06-20,100,0,0,0,0,0,0
2000-06-13,84.23,15.77,3.68,0,0,0,19
2000-06-06,84,16,0,0,0,0,16
2000-05-30,71.3,28.7,0,0,0,0,29
2000-05-23,64.55,35.45,0,0,0,0,35
2000-05-16,64.72,35.28,0.04,0,0,0,35
2000-05-09,65.09,34.91,0,0,0,0,35
2000-05-02,65.09,34.91,0,0,0,0,35
2000-04-25,66.83,33.17,0,0,0,0,33
2000-04-18,25.26,74.74,0,0,0,0,75
2000-04-11,26.67,73.33,0,0,0,0,73
2000-04-04,19.48,80.52,0,0,0,0,81
2000-03-28,27.06,72.94,0,0,0,0,73
2000-03-21,10.61,89.39,0,0,0,0,89
2000-03-14,10.61,89.39,0,0,0,0,89
2000-03-07,0,100,2.53,0,0,0,103
2000-02-29,0,100,2.66,0,0,0,103
2000-02-22,0.01,99.99,29.61,0,0,0,130
2000-02-15,0.01,99.99,29.61,0,0,0,130
2000-02-08,0.01,99.99,29.61,0,0,0,130
2000-02-01,0.01,99.99,29.61,0,0,0,130
2000-01-25,0,100,0,0,0,0,100
2000-01-18,1.75,98.25,0,0,0,0,98
2000-01-11,1.42,98.58,0,0,0,0,99
2000-01-04,1.04,98.96,0,0,0,0,99